Timestamp	Nombre	Apellido Paterno	Apellido Materno	Lugar de nacimiento	Fecha de Nacimiento	Ciudad	Estado	Teléfono personal	Redes sociales	Nombre del Padre o Tutor	Teléfono del Padre o Tutor	Correo del Padre o Tutor	Foto	Nivel de estudio actual	Nombre de tu escuela:	Promedio Acádemico	Clase (Año de graduación)	Posición principal	Posición Secundaria	Altura	Peso	PPJ	RPJ	APJ	FG%	3PT %	TL %	Club o equipo actual	Torneos o competencias destacadas	Logros	Lesiones previas	Link Highlights 1	Link Highlights 2	Link Highlights 3	Certificación	Aviso de privacidad	Carpeta	Nombre imagen
12/26/2024 23:15:52	Agustin	Pando	Anguiano	Chihuahua 	1/3/2005	Monterrey	Nuevo León	8126286949	el_agusss17 (instagram)	Agustin Pando Delgado	8116604368	apando75@hotmail.com	https://drive.google.com/open?id=1A0phNNHIz84-IUVQzK-iUOpAL1xC2cPG	Universidad	Tec de Monterrey Campus MTY	93	2027	Alero	Ala-Pívot	1.95	92	18.5	4	3	70%	30%	100%	Street Hoopers	Ceu Primera Fuerza, Wildcats Primera Fuerza, Elite cat 2005 nacional, estatal 3x3 FIBA	Campeon 3x3 cat 2005 FIBA estatal, Campeon Liga wildcats, Clasificacion Elite Nacional, campeon de puntos liga CEU	Esguince de tobillo 2 grado	https://youtu.be/UUOEZj8JDb4	https://www.tiktok.com/@agusstudioo/video/7416575542847130886?is_from_webapp=1&sender_device=pc&web_id=7332956968615527941		Acepto	Acepto	imagenes/Agustin_Pando_Anguiano.jpg	Agustin_Pando_Anguiano
	Juan Carlos	Gónzalez	Martínez	CDMX	6/8/2006	CDMX	Ciudad de México	5512345678		Luis Gónzalez	5512344567	LG@example.com	https://a.espncdn.com/combiner/i?img=/i/headshots/nba/players/full/1966.png	Preparatoria	Prepa Tec	9.2	2025	Base	Escolta	1.85	78	15.4	6.3	5.7	52	38	85	Dragones del Sur	Selección Estatal U-18	MVP del torneo regional	N/A	https://youtu.be/pNuNtOJwioM?si=yMyr1iXrDM5D1K4B	https://youtu.be/NEoLtyL-_S4?si=eISEOw4Zh8oipb8Q		Acepto	Acepto	imagenes/Juan Carlos_Gónzalez_Martínez.png	Juan Carlos_Gónzalez_Martínez
	Luis	Sánchez	Delgado	Puebla	8/21/2004	Puebla	Puebla	5555279011		Juan Torres	5569275306	parent47@example.com	https://a.espncdn.com/combiner/i?img=/i/headshots/nba/players/full/1966.png	Preparatoria		7.4	2025	Base	Base	1.99	102	24.7	8.7	7.3	47	43	88	Tigres de Monterrey	Semifinalista Nacional	MVP Torneo Regional	Esguince leve	https://youtu.be/68TxOvArVeI?si=U75MUPiUMBnlshfw			Acepto	Acepto	imagenes/Luis_Sánchez_Delgado.png	Luis_Sánchez_Delgado
	Emilio	Romero	González	Tijuana	2/22/2006	Monterrey	Nuevo León	5512624682		Ricardo Martínez	5575022194	parent52@example.com	https://a.espncdn.com/combiner/i?img=/i/headshots/nba/players/full/1966.png	Preparatoria		8.77	2025	Pívot	Alero	1.86	67	11.1	8	6.6	59	30	79	Dragones del Sur	MVP Regional	Máximo Anotador	Ninguna	https://youtu.be/1huIDk8TPOk?si=4SiNCCGSzgJzsd7W	https://youtu.be/1huIDk8TPOk?si=4SiNCCGSzgJzsd7W	https://youtu.be/NEoLtyL-_S4?si=eISEOw4Zh8oipb8Q	Acepto	Acepto	imagenes/Emilio_Romero_González.png	Emilio_Romero_González
	Ricardo	Torres	Romero	Guadalajara	4/3/2006	Puebla	Puebla	5550927289		Hugo Ortiz	5584154902	parent77@example.com	https://a.espncdn.com/combiner/i?img=/i/headshots/nba/players/full/1966.png	Preparatoria		8.16	2027	Escolta	Ninguna	1.94	103	19.3	11.6	5.2	54	39	79	Halcones de Puebla	Campeón Estatal	Máximo Anotador	Esguince leve	https://youtu.be/68TxOvArVeI?si=U75MUPiUMBnlshfw			Acepto	Acepto	imagenes/Ricardo_Torres_Romero.png	Ricardo_Torres_Romero
	Alejandro	González	Ortiz	Tijuana	6/22/2004	Guadalajara	Jalisco	5510323729		Adrián Romero	5584334792	parent23@example.com	https://a.espncdn.com/combiner/i?img=/i/headshots/nba/players/full/1966.png	Preparatoria		7.72	2026	Base	Alero	1.71	85	24.5	10.6	7.8	66	33	73	Halcones de Puebla	Campeón Estatal	Máximo Anotador	Fractura recuperada	https://youtu.be/NEoLtyL-_S4?si=eISEOw4Zh8oipb8Q	https://youtu.be/68TxOvArVeI?si=U75MUPiUMBnlshfw	https://youtu.be/1huIDk8TPOk?si=4SiNCCGSzgJzsd7W	Acepto	Acepto	imagenes/Alejandro_González_Ortiz.png	Alejandro_González_Ortiz
	Diego	Ortiz	Castro	CDMX	4/19/2007	Guadalajara	Jalisco	5583753099		Andrés Delgado	5514806259	parent3@example.com	https://a.espncdn.com/combiner/i?img=/i/headshots/nba/players/full/1966.png	Preparatoria		9.8	2026	Base	Pívot	1.87	110	12	6.1	3.9	55	38	87	Halcones de Puebla	Semifinalista Nacional	Máximo Anotador	Fractura recuperada	https://youtu.be/NEoLtyL-_S4?si=eISEOw4Zh8oipb8Q			Acepto	Acepto	imagenes/Diego_Ortiz_Castro.png	Diego_Ortiz_Castro
	Adrián	Castro	Pérez	Puebla	1/20/2006	Puebla	Puebla	5558806696		Juan López	5567582943	parent96@example.com	https://a.espncdn.com/combiner/i?img=/i/headshots/nba/players/full/1966.png	Preparatoria		7.91	2026	Ala-Pívot	Base	1.87	96	18	7.6	6.7	51	46	74	Dragones del Sur	MVP Regional	Máximo Anotador	Fractura recuperada	https://youtu.be/pNuNtOJwioM?si=yMyr1iXrDM5D1K4B	https://youtu.be/L4roNMADzbU?si=TBbv4Jup2uyFeZNb		Acepto	Acepto	imagenes/Adrián_Castro_Pérez.png	Adrián_Castro_Pérez
	Emilio	Hernández	Torres	Guadalajara	2/15/2005	Chihuahua	Chihuahua	5520290689		Santiago Ortiz	5580138839	parent91@example.com	https://a.espncdn.com/combiner/i?img=/i/headshots/nba/players/full/1966.png	Preparatoria		8.52	2026	Alero	Ala-Pívot	1.96	77	17.1	11.4	4.6	65	35	84	Tigres de Monterrey	Campeón Estatal	MVP Torneo Regional	Ninguna	https://youtu.be/68TxOvArVeI?si=U75MUPiUMBnlshfw	https://youtu.be/68TxOvArVeI?si=U75MUPiUMBnlshfw	https://youtu.be/1huIDk8TPOk?si=4SiNCCGSzgJzsd7W	Acepto	Acepto	imagenes/Emilio_Hernández_Torres.png	Emilio_Hernández_Torres
	Hugo	García	Sánchez	Tijuana	7/8/2006	Guadalajara	Ciudad de México	5536065036		Santiago Torres	5577779160	parent51@example.com	https://a.espncdn.com/combiner/i?img=/i/headshots/nba/players/full/1966.png	Preparatoria		7.93	2028	Base	Ninguna	1.89	90	16.8	7.8	7.7	46	49	89	Águilas de Jalisco	Campeón Estatal	MVP Torneo Regional	Fractura recuperada	https://youtu.be/1huIDk8TPOk?si=4SiNCCGSzgJzsd7W			Acepto	Acepto	imagenes/Hugo_García_Sánchez.png	Hugo_García_Sánchez
	Carlos	Martínez	Sánchez	CDMX	10/1/2004	Guadalajara	Nuevo León	5529275873		Santiago Ramírez	5575589461	parent12@example.com	https://a.espncdn.com/combiner/i?img=/i/headshots/nba/players/full/1966.png	Preparatoria		9.24	2026	Pívot	Alero	1.86	97	14.8	11.6	5.3	53	35	83	Dragones del Sur	Campeón Estatal	MVP Torneo Regional	Ninguna	https://youtu.be/68TxOvArVeI?si=U75MUPiUMBnlshfw	https://youtu.be/L4roNMADzbU?si=TBbv4Jup2uyFeZNb		Acepto	Acepto	imagenes/Carlos_Martínez_Sánchez.png	Carlos_Martínez_Sánchez
	Andrés	Pérez	Pérez	Puebla	5/2/2007	Guadalajara	Jalisco	5515448030		Ricardo Romero	5566706121	parent79@example.com	https://a.espncdn.com/combiner/i?img=/i/headshots/nba/players/full/1966.png	Preparatoria		8.42	2027	Alero	Pívot	2.08	64	10.9	6.5	6.3	69	36	87	Halcones de Puebla	Semifinalista Nacional	Máximo Anotador	Ninguna	https://youtu.be/NEoLtyL-_S4?si=eISEOw4Zh8oipb8Q			Acepto	Acepto	imagenes/Andrés_Pérez_Pérez.png	Andrés_Pérez_Pérez
	Fernando	Hernández	Castro	Guadalajara	8/4/2004	Monterrey	Nuevo León	5542357474		Hugo Vargas	5546401232	parent94@example.com	https://a.espncdn.com/combiner/i?img=/i/headshots/nba/players/full/1966.png	Preparatoria		8.23	2025	Alero	Pívot	2.07	85	17.5	7.5	7.1	64	38	79	Halcones de Puebla	Campeón Estatal	MVP Torneo Regional	Ninguna	https://youtu.be/NEoLtyL-_S4?si=eISEOw4Zh8oipb8Q	https://youtu.be/68TxOvArVeI?si=U75MUPiUMBnlshfw		Acepto	Acepto	imagenes/Fernando_Hernández_Castro.png	Fernando_Hernández_Castro
	Fernando	Martínez	Vargas	CDMX	7/28/2007	Chihuahua	Chihuahua	5526353907		Javier Delgado	5589848847	parent1@example.com	https://a.espncdn.com/combiner/i?img=/i/headshots/nba/players/full/1966.png	Preparatoria		9.82	2028	Alero	Base	1.87	61	16.4	5.5	7.3	66	44	79	Tigres de Monterrey	MVP Regional	MVP Torneo Regional	Fractura recuperada	https://youtu.be/pNuNtOJwioM?si=yMyr1iXrDM5D1K4B			Acepto	Acepto	imagenes/Fernando_Martínez_Vargas.png	Fernando_Martínez_Vargas
	Santiago	Hernández	López	Tijuana	1/11/2007	CDMX	Ciudad de México	5585429628		Diego González	5527394059	parent6@example.com	https://a.espncdn.com/combiner/i?img=/i/headshots/nba/players/full/1966.png	Preparatoria		8.87	2026	Pívot	Alero	2.07	102	16.7	5.8	7.8	66	44	71	Dragones del Sur	Campeón Estatal	MVP Torneo Regional	Ninguna	https://youtu.be/68TxOvArVeI?si=U75MUPiUMBnlshfw			Acepto	Acepto	imagenes/Santiago_Hernández_López.png	Santiago_Hernández_López
	Hugo	Romero	González	Monterrey	4/14/2007	CDMX	Ciudad de México	5534126162		Alejandro Torres	5592443924	parent53@example.com	https://a.espncdn.com/combiner/i?img=/i/headshots/nba/players/full/1966.png	Preparatoria		9.33	2028	Escolta	Pívot	1.82	96	17	11.9	3.9	52	41	81	Tigres de Monterrey	MVP Regional	Máximo Anotador	Esguince leve	https://youtu.be/1huIDk8TPOk?si=4SiNCCGSzgJzsd7W	https://youtu.be/L4roNMADzbU?si=TBbv4Jup2uyFeZNb		Acepto	Acepto	imagenes/Hugo_Romero_González.png	Hugo_Romero_González
	Luis	Romero	Delgado	Puebla	12/20/2005	León	Guanajuato	5564411984		Javier Pérez	5551463025	parent37@example.com	https://a.espncdn.com/combiner/i?img=/i/headshots/nba/players/full/1966.png	Preparatoria		8.41	2028	Ala-Pívot	Ala-Pívot	1.75	97	22.7	9.3	5.4	49	49	71	Dragones del Sur	MVP Regional	Máximo Anotador	Fractura recuperada	https://youtu.be/68TxOvArVeI?si=U75MUPiUMBnlshfw			Acepto	Acepto	imagenes/Luis_Romero_Delgado.png	Luis_Romero_Delgado
	Carlos	Ramírez	Sánchez	Tijuana	9/23/2004	León	Guanajuato	5598610761		Carlos Delgado	5518024978	parent46@example.com	https://a.espncdn.com/combiner/i?img=/i/headshots/nba/players/full/1966.png	Preparatoria		7.78	2027	Alero	Ala-Pívot	2.07	72	20.1	6.3	4.8	53	42	81	Águilas de Jalisco	Campeón Estatal	MVP Torneo Regional	Ninguna	https://youtu.be/NEoLtyL-_S4?si=eISEOw4Zh8oipb8Q	https://youtu.be/68TxOvArVeI?si=U75MUPiUMBnlshfw	https://youtu.be/L4roNMADzbU?si=TBbv4Jup2uyFeZNb	Acepto	Acepto	imagenes/Carlos_Ramírez_Sánchez.png	Carlos_Ramírez_Sánchez
	Luis	González	Hernández	Tijuana	7/27/2006	CDMX	Ciudad de México	5582887259		Adrián Vargas	5565965486	parent98@example.com	https://a.espncdn.com/combiner/i?img=/i/headshots/nba/players/full/1966.png	Preparatoria		8.38	2026	Ala-Pívot	Base	1.97	107	15.8	11.7	5.5	69	46	90	Tigres de Monterrey	Campeón Estatal	Mejor Defensa	Esguince leve	https://youtu.be/NEoLtyL-_S4?si=eISEOw4Zh8oipb8Q			Acepto	Acepto	imagenes/Luis_González_Hernández.png	Luis_González_Hernández
	Ricardo	García	Sánchez	Guadalajara	2/24/2007	CDMX	Ciudad de México	5550690264		Santiago Delgado	5532986568	parent8@example.com	https://a.espncdn.com/combiner/i?img=/i/headshots/nba/players/full/1966.png	Preparatoria		8.75	2027	Alero	Base	1.89	91	21.5	6.7	3.6	51	34	77	Dragones del Sur	Semifinalista Nacional	Mejor Defensa	Ninguna	https://youtu.be/pNuNtOJwioM?si=yMyr1iXrDM5D1K4B	https://youtu.be/L4roNMADzbU?si=TBbv4Jup2uyFeZNb		Acepto	Acepto	imagenes/Ricardo_García_Sánchez.png	Ricardo_García_Sánchez
	Ricardo	Ramírez	García	Tijuana	7/26/2006	Guadalajara	Jalisco	5554060608		César Torres	5549616458	parent21@example.com	https://a.espncdn.com/combiner/i?img=/i/headshots/nba/players/full/1966.png	Preparatoria		9.51	2028	Alero	Ninguna	1.75	93	11.5	5.8	4.5	43	31	80	Dragones del Sur	MVP Regional	MVP Torneo Regional	Ninguna	https://youtu.be/68TxOvArVeI?si=U75MUPiUMBnlshfw	https://youtu.be/L4roNMADzbU?si=TBbv4Jup2uyFeZNb		Acepto	Acepto	imagenes/Ricardo_Ramírez_García.png	Ricardo_Ramírez_García
	Carlos	Hernández	Romero	Guadalajara	6/11/2007	Chihuahua	Chihuahua	5587435852		Alejandro López	5595043583	parent69@example.com	https://a.espncdn.com/combiner/i?img=/i/headshots/nba/players/full/1966.png	Preparatoria		7.97	2027	Ala-Pívot	Ninguna	2.09	99	10.5	10.1	7	49	35	83	Halcones de Puebla	MVP Regional	Mejor Defensa	Fractura recuperada	https://youtu.be/1huIDk8TPOk?si=4SiNCCGSzgJzsd7W			Acepto	Acepto	imagenes/Carlos_Hernández_Romero.png	Carlos_Hernández_Romero
	Gabriel	González	Hernández	Guadalajara	11/12/2005	Chihuahua	Chihuahua	5593935953		Santiago Martínez	5533419378	parent57@example.com	https://a.espncdn.com/combiner/i?img=/i/headshots/nba/players/full/1966.png	Preparatoria		9.99	2028	Pívot	Base	1.88	95	20.6	5.8	4.8	56	49	81	Águilas de Jalisco	Semifinalista Nacional	Máximo Anotador	Fractura recuperada	https://youtu.be/68TxOvArVeI?si=U75MUPiUMBnlshfw	https://youtu.be/1huIDk8TPOk?si=4SiNCCGSzgJzsd7W		Acepto	Acepto	imagenes/Gabriel_González_Hernández.png	Gabriel_González_Hernández
	César	González	Ortiz	Puebla	11/19/2007	Chihuahua	Chihuahua	5553655727		Santiago Ramírez	5532408868	parent33@example.com	https://a.espncdn.com/combiner/i?img=/i/headshots/nba/players/full/1966.png	Preparatoria		7.79	2026	Alero	Ala-Pívot	1.92	75	16	7.5	3.9	67	38	85	Águilas de Jalisco	Campeón Estatal	Mejor Defensa	Fractura recuperada	https://youtu.be/NEoLtyL-_S4?si=eISEOw4Zh8oipb8Q	https://youtu.be/L4roNMADzbU?si=TBbv4Jup2uyFeZNb		Acepto	Acepto	imagenes/César_González_Ortiz.png	César_González_Ortiz
	Fernando	Torres	Vargas	Monterrey	5/19/2005	Monterrey	Nuevo León	5564117488		Javier López	5576502781	parent73@example.com	https://a.espncdn.com/combiner/i?img=/i/headshots/nba/players/full/1966.png	Preparatoria		9.08	2027	Escolta	Alero	1.86	64	22.6	9.6	3.3	41	43	75	Dragones del Sur	Campeón Estatal	Máximo Anotador	Ninguna	https://youtu.be/NEoLtyL-_S4?si=eISEOw4Zh8oipb8Q			Acepto	Acepto	imagenes/Fernando_Torres_Vargas.png	Fernando_Torres_Vargas
	Luis	Sánchez	Ramírez	CDMX	10/12/2005	Chihuahua	Chihuahua	5522352879		Hugo García	5595626856	parent5@example.com	https://a.espncdn.com/combiner/i?img=/i/headshots/nba/players/full/1966.png	Preparatoria		9.77	2025	Escolta	Escolta	2.02	65	11.2	7.7	9.6	44	47	77	Dragones del Sur	MVP Regional	Máximo Anotador	Esguince leve	https://youtu.be/pNuNtOJwioM?si=yMyr1iXrDM5D1K4B	https://youtu.be/L4roNMADzbU?si=TBbv4Jup2uyFeZNb		Acepto	Acepto	imagenes/Luis_Sánchez_Ramírez.png	Luis_Sánchez_Ramírez
	Luis	Sánchez	García	Monterrey	3/7/2004	Monterrey	Nuevo León	5540997480		Hugo Hernández	5597818370	parent27@example.com	https://a.espncdn.com/combiner/i?img=/i/headshots/nba/players/full/1966.png	Preparatoria		9.97	2025	Base	Base	1.95	84	21.7	9.7	7.7	52	42	80	Águilas de Jalisco	Semifinalista Nacional	MVP Torneo Regional	Fractura recuperada	https://youtu.be/68TxOvArVeI?si=U75MUPiUMBnlshfw			Acepto	Acepto	imagenes/Luis_Sánchez_García.png	Luis_Sánchez_García